{
    "survey_page1": {
        "fixedColor": {
            "x": 0.639999925519409,
            "y": 0.33000006827387507,
            "Y": 0.2126729
        },
        "query_vec": {
            "x": -0.4815019363463332,
            "y": -0.33879679552682,
            "Y": 0.8083146767413603
        },
        "gamma": 0.046,
        "endColor": {
            "x": 0.171,
            "y": 0,
            "Y": 1
        }
    },
    "survey_page2": {
        "fixedColor": {
            "x": 0.3000000083898227,
            "y": 0.6000000167796454,
            "Y": 0.7151522
        },
        "query_vec": {
            "x": -0.19066091250563583,
            "y": -0.8867949090120305,
            "Y": 0.4210026196983373
        },
        "gamma": 0.084,
        "endColor": {
            "x": 0.171,
            "y": 0,
            "Y": 1
        }
    },
    "survey_page3": {
        "fixedColor": {
            "x": 0.15000000831312826,
            "y": 0.060000003325251315,
            "Y": 0.072175
        },
        "query_vec": {
            "x": 0.022580633211236545,
            "y": -0.06451612400434695,
            "Y": 0.9976611572809856
        },
        "gamma": 0.056
    },
    "survey_page4": {
        "fixedColor": {
            "x": 0.419320092998004,
            "y": 0.5052458269201395,
            "Y": 0.9278251
        },
        "query_vec": {
            "x": -0.4375078749869539,
            "y": -0.8901777758420596,
            "Y": 0.12716283545629045
        },
        "gamma": 0.03
    },
    "survey_page5": {
        "fixedColor": {
            "x": 0.3209377411185291,
            "y": 0.1541902211986945,
            "Y": 0.2848479
        },
        "query_vec": {
            "x": -0.20077573969279394,
            "y": -0.2064700687340001,
            "Y": 0.9576320864861352
        },
        "gamma": null,
        "endColor": {
            "x": 0.171,
            "y": 0,
            "Y": 1
        }
    },
    "survey_page6": {
        "fixedColor": {
            "x": 0.639999925519409,
            "y": 0.33000006827387507,
            "Y": 0.2126729
        },
        "query_vec": {
            "x": 0.13403711534517954,
            "y": -0.09645663409967267,
            "Y": 0.9862708398042116
        },
        "gamma": null,
        "endColor": {
            "x": 0.747,
            "y": 0.253,
            "Y": 1
        }
    },
    "survey_page7": {
        "fixedColor": {
            "x": 0.3000000083898227,
            "y": 0.6000000167796454,
            "Y": 0.7151522
        },
        "query_vec": {
            "x": 0.7055738672860367,
            "y": -0.5477274013039594,
            "Y": 0.44962229889523686
        },
        "gamma": 0.02,
        "endColor": {
            "x": 0.747,
            "y": 0.253,
            "Y": 1
        }
    },
    "survey_page8": {
        "fixedColor": {
            "x": 0.15000000831312826,
            "y": 0.060000003325251315,
            "Y": 0.072175
        },
        "query_vec": {
            "x": 0.5330108034212645,
            "y": 0.17231337474099223,
            "Y": 0.8283764749928553
        },
        "gamma": 0.018,
        "endColor": {
            "x": 0.747,
            "y": 0.253,
            "Y": 1
        }
    },
    "survey_page9": {
        "fixedColor": {
            "x": 0.419320092998004,
            "y": 0.5052458269201395,
            "Y": 0.9278251
        },
        "query_vec": {
            "x": 0.7806078969239599,
            "y": -0.6009068003634899,
            "Y": 0.17193699001920787
        },
        "gamma": 0.06,
        "endColor": {
            "x": 0.747,
            "y": 0.253,
            "Y": 1
        }
    },
    "survey_page10": {
        "fixedColor": {
            "x": 0.3209377411185291,
            "y": 0.1541902211986945,
            "Y": 0.2848479
        },
        "query_vec": {
            "x": 0.5082498858963063,
            "y": 0.11787023552155049,
            "Y": 0.8531053047921375
        },
        "gamma": null,
        "endColor": {
            "x": 0.747,
            "y": 0.253,
            "Y": 1
        }
    },
    "survey_page11": {
        "fixedColor": {
            "x": 0.639999925519409,
            "y": 0.33000006827387507,
            "Y": 0.2126729
        },
        "query_vec": {
            "x": 0.3043264463757968,
            "y": -0.7815655612971164,
            "Y": 0.5445554952716964
        },
        "gamma": 0.054,
        "endColor": {
            "x": 1.08,
            "y": -0.8,
            "Y": 1
        }
    },
    "survey_page12": {
        "fixedColor": {
            "x": 0.3000000083898227,
            "y": 0.6000000167796454,
            "Y": 0.7151522
        },
        "query_vec": {
            "x": 0.4791919314645537,
            "y": -0.8600881016756827,
            "Y": 0.17499585759437575
        },
        "gamma": 0.018,
        "endColor": {
            "x": 1.08,
            "y": -0.8,
            "Y": 1
        }
    },
    "survey_page13": {
        "fixedColor": {
            "x": 0.15000000831312826,
            "y": 0.060000003325251315,
            "Y": 0.072175
        },
        "query_vec": {
            "x": 0.5923015110839803,
            "y": -0.5477196839301489,
            "Y": 0.5909162950901687
        },
        "gamma": 0.006,
        "endColor": {
            "x": 1.08,
            "y": -0.8,
            "Y": 1
        }
    },
    "survey_page14": {
        "fixedColor": {
            "x": 0.419320092998004,
            "y": 0.5052458269201395,
            "Y": 0.9278251
        },
        "query_vec": {
            "x": 0.45106549908265037,
            "y": -0.8911295078079327,
            "Y": 0.04927591552991189
        },
        "gamma": 0.014,
        "endColor": {
            "x": 1.08,
            "y": -0.8,
            "Y": 1
        }
    },
    "survey_page15": {
        "fixedColor": {
            "x": 0.3209377411185291,
            "y": 0.1541902211986945,
            "Y": 0.2848479
        },
        "query_vec": {
            "x": 0.5369936037914684,
            "y": -0.6750355976585007,
            "Y": 0.5059296506243554
        },
        "gamma": 0.162,
        "endColor": {
            "x": 1.08,
            "y": -0.8,
            "Y": 1
        }
    }
}