{
    "survey_page1": {
        "fixedColor": {
            "x": 0.639999925519409,
            "y": 0.33000006827387507,
            "Y": 0.2126729
        },
        "query_vec": {
            "x": -0.4816692496188481,
            "y": -0.3378875078381418,
            "Y": 0.8085955515698473
        },
        "gamma": 0.9542231051135706,
        "endColor": {
            "x": 0.171,
            "y": 0.001,
            "Y": 1
        }
    },
    "survey_page2": {
        "fixedColor": {
            "x": 0.3000000083898227,
            "y": 0.6000000167796454,
            "Y": 0.7151522
        },
        "query_vec": {
            "x": -0.19091109036206813,
            "y": -0.8864785960689997,
            "Y": 0.42155504301135066
        },
        "gamma": 0.6486789626488636,
        "endColor": {
            "x": 0.171,
            "y": 0.001,
            "Y": 1
        }
    }
}