{
    "survey_page5": {
        "xyData": {
            "x": 0.185230898865483,
            "y": 0.1868312124089486,
            "Y": 8.91555746003859e-05
        },
        "fixedColor": {
            "x": 0.20107061970183382,
            "y": 0.24385420881141476,
            "Y": 0.444766130367355
        }
    },
    "survey_page3": {
        "xyData": {
            "x": 0,
            "y": 0,
            "Y": 0
        },
        "fixedColor": {
            "x": 0.4101034356962995,
            "y": 0.20332235873955073,
            "Y": 0.24685003573448258
        }
    },
    "survey_page4": {
        "xyData": {
            "x": 0.3182181319297015,
            "y": 0.21209660639526387,
            "Y": 0.00013668259802433692
        },
        "fixedColor": {
            "x": 0.3062747526437544,
            "y": 0.42052955478663107,
            "Y": 0.1864764510561829
        }
    }
}