{
    "paq_noisy_low": {
        "3": {
            "err": [
                0.22367290503461695,
                0.009204422139662095,
                [
                    0.41138487552484204,
                    0.1291382902631144,
                    0.09339627748319276,
                    0.3261438617063167,
                    0.19160033170982144,
                    0.05529728571260414,
                    0.1231023792010087,
                    0.2868061081912916,
                    0.2502161918182792,
                    0.10886325459024769,
                    0.36711294000948796,
                    0.06790666685834106,
                    0.23072339431296196,
                    0.289453374694079,
                    0.07899381399229644,
                    0.1379231632781107,
                    0.8772841619223506,
                    0.06280600119212407,
                    0.28279404479442455,
                    0.10251168343744432
                ]
            ],
            "fails": [
                0.6,
                0.05567764362830021,
                [
                    0,
                    0,
                    4,
                    0,
                    2,
                    2,
                    0,
                    0,
                    0,
                    0,
                    0,
                    0,
                    0,
                    0,
                    0,
                    2,
                    0,
                    0,
                    2,
                    0
                ]
            ]
        },
        "5": {
            "err": [
                0.13916337123581168,
                0.007927674285222928,
                [
                    0.13000003014692627,
                    0.14968468356663797,
                    0.2733391277752674,
                    0.007491897910949151,
                    0.003985051897533845,
                    0.016333805927986,
                    0.0696162977070538,
                    0.0027318524015339696,
                    0.034111105546431084,
                    0.20517914201712767,
                    0.24222205295849236,
                    0.6552528879148019,
                    0.26778284898904114,
                    0.3631416659991455,
                    0.1359884409660682,
                    0.02209462187318021,
                    0.08324300820464384,
                    0.01020035299649847,
                    0.09942697690908579,
                    0.011441573007828701
                ]
            ],
            "fails": [
                0.0,
                0.0,
                [
                    0,
                    0,
                    0,
                    0,
                    0,
                    0,
                    0,
                    0,
                    0,
                    0,
                    0,
                    0,
                    0,
                    0,
                    0,
                    0,
                    0,
                    0,
                    0,
                    0
                ]
            ]
        },
        "10": {
            "err": [
                0.049881175266781264,
                0.0027385070930470525,
                [
                    0.0028198386060388375,
                    0.017492925183223325,
                    0.03231057614627733,
                    0.02157914564038073,
                    0.1408525845692615,
                    0.01120292917791532,
                    0.16332968130694137,
                    0.03988154914641252,
                    0.010946529364049835,
                    0.018400915313445558,
                    0.00307692689497198,
                    0.11601877198457607,
                    0.0036425288781961867,
                    0.03007160802991577,
                    0.004113263961088631,
                    0.08458945149247858,
                    0.09770487301259159,
                    0.01457781259244167,
                    0.16602732170433654,
                    0.018984272331082047
                ]
            ],
            "fails": [
                0.0,
                0.0,
                [
                    0,
                    0,
                    0,
                    0,
                    0,
                    0,
                    0,
                    0,
                    0,
                    0,
                    0,
                    0,
                    0,
                    0,
                    0,
                    0,
                    0,
                    0,
                    0,
                    0
                ]
            ]
        },
        "25": {
            "err": [
                0.03526469843095848,
                0.0016826441884217648,
                [
                    0.005862794192094588,
                    0.022184647828519113,
                    0.09432228930219107,
                    0.04978014804033037,
                    0.0867468978718995,
                    0.002703468827572018,
                    0.055676840665676394,
                    0.09971492281775017,
                    0.0032532171888053044,
                    0.04258419611696233,
                    0.002749390939401547,
                    0.08787653451772336,
                    0.00030353888363064983,
                    0.016905884238563356,
                    0.012420366541939511,
                    0.023179115110906045,
                    0.004012532338591114,
                    0.004184847880387869,
                    0.03208268549239147,
                    0.058749649823833856
                ]
            ],
            "fails": [
                0.0,
                0.0,
                [
                    0,
                    0,
                    0,
                    0,
                    0,
                    0,
                    0,
                    0,
                    0,
                    0,
                    0,
                    0,
                    0,
                    0,
                    0,
                    0,
                    0,
                    0,
                    0,
                    0
                ]
            ]
        },
        "50": {
            "err": [
                0.050646098683084596,
                0.0013868764835444649,
                [
                    0.09640218763151034,
                    0.020019748979046115,
                    0.0698827605151082,
                    0.058602311602575695,
                    0.06286233931880818,
                    0.09790254366781856,
                    0.0626290803160351,
                    0.004806189809910593,
                    0.007172596118541194,
                    0.07202499495230917,
                    0.04077104289784675,
                    0.023067350354293623,
                    0.050354753943678957,
                    0.0110009348133295,
                    0.053798927465022,
                    0.053605303131669245,
                    0.0184640544766655,
                    0.07630516364270971,
                    0.07876630864699377,
                    0.0544833813778197
                ]
            ],
            "fails": [
                0.0,
                0.0,
                [
                    0,
                    0,
                    0,
                    0,
                    0,
                    0,
                    0,
                    0,
                    0,
                    0,
                    0,
                    0,
                    0,
                    0,
                    0,
                    0,
                    0,
                    0,
                    0,
                    0
                ]
            ]
        },